fieldID,fieldName,fieldType,defaultValue,secondaryValue,fieldDescription,minValue,maxValue,tab
p2_TURN_LEFT,Turn Left,Keycode,75,,,,,Player 2 Controls
p2_TURN_RIGHT,Turn Right,Keycode,77,,,,,Player 2 Controls
p2_STRAFE_LEFT,Strafe Left,Keycode,71,,,,,Player 2 Controls
p2_STRAFE_RIGHT,Strafe Left,Keycode,73,,,,,Player 2 Controls
p2_ACCELERATE,Accelerate,Keycode,72,,,,,Player 2 Controls
p2_ACCELERATE_BACKWARDS,Accelerate Backwards,Keycode,80,,,,,Player 2 Controls
p2_DECELERATE,Decelerate,Keycode,76,,,,,Player 2 Controls
p2_FIRE,Fire,Keycode,82,,,,,Player 2 Controls
p2_SELECT_GROUP,Next Weapon Group,Keycode,28,,,,,Player 2 Controls
p2_TOGGLE_AUTOFIRE,Toggle Autofire,Keycode,55,,,,,Player 2 Controls
p2_VENT_FLUX,Vent Flux,Keycode,181,,,,,Player 2 Controls
p2_TOGGLE_SHIELD_OR_PHASE_CLOAK,Toggle Shield or Phase Cloak,Keycode,78,,,,,Player 2 Controls
p2_HOLD_FIRE,Hold Fire,Keycode,74,,,,,Player 2 Controls
p2_USE_SYSTEM,Use System,Keycode,83,,,,,Player 2 Controls
p2_NEXT_TARGET,Next Target,Keycode,27,,,,,Player 2 Controls
p2_PREV_TARGET,Previous Target,Keycode,26,,,,,Player 2 Controls
p2_PULL_BACK_FIGHTERS,Toggle Fighter Behavior,Keycode,81,,,,,Player 2 Controls
p2_SELECT_SHIP,Pilot Next Ship,Keycode,210,,,,,Player 2 Controls

p3_TURN_LEFT,Turn Left,Keycode,0,,,,,Player 3 Controls
p3_TURN_RIGHT,Turn Right,Keycode,0,,,,,Player 3 Controls
p3_STRAFE_LEFT,Strafe Left,Keycode,0,,,,,Player 3 Controls
p3_STRAFE_RIGHT,Strafe Left,Keycode,0,,,,,Player 3 Controls
p3_ACCELERATE,Accelerate,Keycode,0,,,,,Player 3 Controls
p3_ACCELERATE_BACKWARDS,Accelerate Backwards,Keycode,0,,,,,Player 3 Controls
p3_DECELERATE,Decelerate,Keycode,0,,,,,Player 3 Controls
p3_FIRE,Fire,Keycode,0,,,,,Player 3 Controls
p3_SELECT_GROUP,Next Weapon Group,Keycode,0,,,,,Player 3 Controls
p3_TOGGLE_AUTOFIRE,Toggle Autofire,Keycode,0,,,,,Player 3 Controls
p3_VENT_FLUX,Vent Flux,Keycode,0,,,,,Player 3 Controls
p3_TOGGLE_SHIELD_OR_PHASE_CLOAK,Toggle Shield or Phase Cloak,Keycode,0,,,,,Player 3 Controls
p3_HOLD_FIRE,Hold Fire,Keycode,0,,,,,Player 3 Controls
p3_USE_SYSTEM,Use System,Keycode,0,,,,,Player 3 Controls
p3_NEXT_TARGET,Next Target,Keycode,0,,,,,Player 3 Controls
p3_PREV_TARGET,Previous Target,Keycode,0,,,,,Player 3 Controls
p3_PULL_BACK_FIGHTERS,Toggle Fighter Behavior,Keycode,0,,,,,Player 3 Controls
p3_SELECT_SHIP,Pilot Next Ship,Keycode,0,,,,,Player 3 Controls

MaxCycleTargets,Max Cycle Targets,Int,12,,How many targets we'll cycle through at a time,6,30,General
MaxCycleTargetRange,Max Cycle Target Range,Int,3500,,How far we'll look for targets to cycle through (We take the closest 'Max Cycle Targets'),1000,7000,General
ReticleDotSize,Reticle Pip Size,Double,6.0,,How large other player reticle pips are.  If you are having trouble seeing the pips try making this larger.,3,12,General