{
    
    # Magnetic Burst Release
    "ed_mag1":
    [        
        {"file":"sounds/edshipyard/sfx_systems/mag1.ogg","pitch":1,"volume":1.5},
    ],

    # Magnetic Burst Hit
    "ed_mag2":
    [
        {"file":"sounds/edshipyard/sfx_systems/mag2.ogg","pitch":1,"volume":1.0},
    ],
	
	# Dio farts on a clock
    "ed_zawarudo":
    [
        {"file":"sounds/edshipyard/sfx_systems/zawarudo.ogg","pitch":1,"volume":2.0},
    ],
	
	# Captain Hook shits his pants
    "ed_ticktock":
    [
        {"file":"sounds/edshipyard/sfx_systems/ticktock.ogg","pitch":1,"volume":1.0},
    ],
	
	# Captain Hook partially shits his pants
    "ed_tick":
    [
        {"file":"sounds/edshipyard/sfx_systems/tick.ogg","pitch":1,"volume":1.0},
    ],
	
	# Shield Bash
    "kfp":
    [
        {"file":"sounds/edshipyard/sfx_systems/kfp.ogg","pitch":1,"volume":1.0},
    ],
	
	# Spark
    "ed_spark":
    [
        {"file":"sounds/edshipyard/sfx_systems/spark.ogg","pitch":1,"volume":1.0},
    ],
	
	# Shock
    "ed_shock":
    [
        {"file":"sounds/edshipyard/sfx_systems/shock.ogg","pitch":1,"volume":1.0},
    ],
	
	# Maw Charge
    "mawloop":
    [
        {"file":"sounds/edshipyard/sfx_systems/mawloop.ogg","pitch":1,"volume":1.0},
    ],
	
	# Maw Fire Loop (based on sounds by AstroMance and Michael Kurinnoy)
    "mawfireloop":
    [
        {"file":"sounds/edshipyard/sfx_systems/mawfireloop.ogg","pitch":1,"volume":1.0},
    ],
	
	# Maw Fire (based on sounds by AstroMance and Michael Kurinnoy)
    "mawfire":
    [
        {"file":"sounds/edshipyard/sfx_systems/mawfire.ogg","pitch":1,"volume":1.0},
    ],
	
	# Maw End (based on sounds by AstroMance and Michael Kurinnoy)
    "mawend":
    [
        {"file":"sounds/edshipyard/sfx_systems/mawend.ogg","pitch":1,"volume":1.0},
    ],
	
	# Wurg Sensor Burst
    "wurg_sensor":
    [
        {"file":"sounds/edshipyard/sfx_systems/wurg_sensor.ogg","pitch":1,"volume":1.0},
    ],
	
	# Wurg Sensor Activate
    "wurg_activate":
    [
        {"file":"sounds/edshipyard/sfx_systems/wurg_activate.ogg","pitch":1,"volume":1.0},
    ],
	
	# Terrier drone load ammo
    "reloaddrone":
    [
        {"file":"sounds/edshipyard/sfx_systems/reloaddrone.ogg","pitch":1,"volume":0.15},
    ],
	
	# Spicy gun sounds, thanks to Gary, Michel Baradari and Q009 from OpenGameArt.org for the sounds
	"carolina_fire":
	[
		{"file":"sounds/edshipyard/sfx_systems/carolina_fire.ogg","pitch":0.35,"volume":1.5},
	],
	
	"carolina_load":
	[
		{"file":"sounds/edshipyard/sfx_systems/carolina_load.ogg","pitch":0.8,"volume":1.1},
	],
	
	"carolina_cylinder":
	[
		{"file":"sounds/edshipyard/sfx_systems/carolina_cylinder.ogg","pitch":0.35,"volume":1.25},
	],
	
	"carolina_trigger":
	[
		{"file":"sounds/edshipyard/sfx_systems/carolina_trigger.ogg","pitch":0.65,"volume":1},
	],
	
	# Steam sounds (based on sounds by Bart from OpenGameArt.org)
    "ed_steam_release":
    [
        {"file":"sounds/edshipyard/sfx_systems/steam_release.ogg","pitch":1,"volume":1},
    ],
	
	"ed_steam_loop":
    [
        {"file":"sounds/edshipyard/sfx_systems/steam_loop.ogg","pitch":1,"volume":1},
    ],
	
	"ed_steam_whistle":
    [
        {"file":"sounds/edshipyard/sfx_systems/steam_whistle.ogg","pitch":0.5,"volume":1},
    ],
	
	"ed_shotgun_s":
    [
        {"file":"sounds/edshipyard/sfx_systems/shotgun.ogg","pitch":1.1,"volume":0.29},
    ],
	
	"ed_shotgun_m":
    [
        {"file":"sounds/edshipyard/sfx_systems/shotgun.ogg","pitch":0.9,"volume":0.33},
    ],
	
	"ed_shotgun_l":
    [
        {"file":"sounds/edshipyard/sfx_systems/shotgun.ogg","pitch":0.7,"volume":0.45},
    ],
	
	"ed_scattershot_s":
    [
        {"file":"sounds/edshipyard/sfx_systems/scattershot.ogg","pitch":1.2,"volume":0.30},
    ],
	
	"ed_scattershot_m":
    [
        {"file":"sounds/edshipyard/sfx_systems/scattershot.ogg","pitch":1.0,"volume":0.45},
    ],
	
	"ed_scattershot_l":
    [
        {"file":"sounds/edshipyard/sfx_systems/scattershot.ogg","pitch":0.8,"volume":0.60},
    ],
	
	# Magnetic Blast Release
    "ed_mag3":
    [        
        {"file":"sounds/edshipyard/sfx_systems/mag3.ogg","pitch":1,"volume":1.0},
    ],

    # Magnetic Blast Hit
    "ed_mag4":
    [
        {"file":"sounds/edshipyard/sfx_systems/mag4.ogg","pitch":1,"volume":1.0},
    ],	

	# CC
	"ed_clustercannon":
	[
		{"file":"sounds/sfx_wpn_guns/rail_gun_fire_01.ogg","pitch":0.7,"volume":1.1},
	],
	
	"ed_grapeshot_s":
    [
        {"file":"sounds/edshipyard/sfx_systems/grapeshot.ogg","pitch":1.2,"volume":0.40},
    ],
	
	"ed_grapeshot_m":
    [
        {"file":"sounds/edshipyard/sfx_systems/grapeshot.ogg","pitch":1.0,"volume":0.60},
    ],
	
	"ed_grapeshot_l":
    [
        {"file":"sounds/edshipyard/sfx_systems/grapeshot.ogg","pitch":0.8,"volume":0.80},
    ],

    # Woof
    "ed_barks":
    [
        {"file":"sounds/edshipyard/sfx_systems/dog_barking.ogg","pitch":1.0,"volume":1.3},
    ],
"ed_riptide_beamdisable": [
    {
      "file": "sounds/edshipyard/riptide_BeamDisable.ogg",
      "pitch": 1,
      "volume": 0.7
    }
  ],
  "ed_riptide_tractorbeam": [
    {
      "file": "sounds/edshipyard/riptide_TractorBeam.ogg",
      "pitch": 1,
      "volume": 0.75
    }
  ],
  "ed_riptide_beamenable": [
    {
      "file": "sounds/edshipyard/riptide_BeamEnable.ogg",
      "pitch": 1,
      "volume": 0.7
    }
  ],
  "ed_riptide_discharge": [
    {
      "file": "sounds/edshipyard/riptide_Discharge.ogg",
      "pitch": 1,
      "volume": 0.7
    }
  ],
  "ed_riptide_dischargepowerup": [
    {
      "file": "sounds/edshipyard/riptide_DischargePowerUp.ogg",
      "pitch": 1,
      "volume": 0.7
    }
  ]
}