{
	"id":"DetailedCombatResults",
	"name":"Detailed Combat Results",
	"author":"Nick XR",
	"version":"5.3.3",
	"description":"Detailed Combat Results, open intel screen after combat ('E'), or press 'L' in the campaign map to bring up the analytics dialogue.",
	"gameVersion":"0.96a-RC9",
	"utility": "true",
	"modPlugin":"data.scripts.combatanalytics.DetailedCombatResultsModPlugin",
	"jars":["jars/StarSectorDetailedCombatResults.jar"],
	"replace":[
		"data/weapons/proj/breach_srm.proj",
		"data/weapons/proj/disintegrator_shot.proj",
		"data/weapons/proj/ioncannon_shot.proj",
		"data/weapons/proj/sabot_warhead2.proj"
	]
}
