id,variant,tags,tier,rarity,fleet pts,op cost,formation,range,attackRunRange,attackPositionOffset,num,role,role desc,refit,base value,,,,,,,,,,,,,number
edshipyard_papillon_wing,edshipyard_papillon_bomber,"bomber4, bomber, drone, high, ed_drone_bp, auto_fighter",1,,5,9,CLAW,5000,5000,1250,3,BOMBER,Bomber Drone,15,9000,,,,,,,,,,,,,6
edshipyard_affenpinscher_wing,edshipyard_affenpinscher_interceptor,"interceptor4,interceptor, drone, high, ed_drone_bp, auto_fighter",3,0.5,5,5,DIAMOND,7500,7500,150,4,INTERCEPTOR,Interceptor Drone,10,9000,,,,,,,,,,,,,6
edshipyard_pug_wing,edshipyard_pug_gunboat,"fighter1, fighter, drone, high, ed_drone_bp, auto_fighter",2,,3,3,BOX,1200,450,0,2,FIGHTER,Gunboat Drone,20,5000,,,,,,,,,,,,,6
edshipyard_maltese_wing,edshipyard_maltese_support,"support1, support, drone, high, ed_drone_bp, auto_fighter",3,0.5,2,12,DIAMOND,2800,400,600,1,SUPPORT,Support Drone,8,10000,,,,,,,,,,,,,6
edshipyard_terrier_wing,edshipyard_terrier_delivery,"support1, support, drone, high, ed_drone_bp, auto_fighter",3,0.5,2,8,DIAMOND,2800,400,600,1,SUPPORT,Support Drone,10,10000,,,,,,,,,,,,,6