{
	"edshipyard_DestroyTheWurg":{
		"trigger_marketFaction_any":["independent"],
		"trigger_market_minSize": 4,
		"trigger_player_minLevel": 13,
		"trigger_min_fleet_size": 300,

		"job_name": "Destroy the Wurgandal",
		"job_description": "After more than the usual credential validation you quickly understand the desire for secrecy.\n\nThe Independent Eccentric Design bureau fleet commander, the charismatic Admiral Cadiz, has stolen a prototype dreadnought and fled to the outer reaches of the sector. The admiral is looking to start their own military polity with them installed as its leader, of course.\nWe've located the stolen ship and its attendant fleet currently scouting for a suitable location in the ==$system== system to found their \"empire\".\n\nThe prototype ship, ==Wurgandal==, has been built around a planetary class weapon, and if its existence were to come to light there would be extreme political consequences for the Eccentric Design bureau.  Because of this, the ship must be completely ==destroyed== and not recovered.\n\nYou understand, Captain, that this mission does not exist, nor will it ever exist.\n",
		"job_comm_reply": "The competent and stern faced Jamie Cadiz appears on screen, their piercing gaze seemingly burrowing into your soul from across the void.  Admiral Cadiz speaks:\n\n\"You’re an errand boy, sent by grocery clerks, to collect a bill.  \nWhat do you call it when the assassins accuse the assassin? A lie. A lie and we have to be merciful.\"\n\nThe screen then goes blank and Cadiz's fleet begins its approach.\n",
		"job_intel_success": "The Independents appreciate your discretion in this matter, payment has been made",
		"job_intel_failure": "You're no better than her, you know. And one day the assassins will come for you too.",
		"job_intel_expired": "",
		"job_forFaction": "independent",
		"job_credit_reward": 2000000,
		"job_reward_scaling": 0,
		"job_reputation_reward":60,
        "job_item_reward": {
          "fuel": 1000,
          "supplies": 500
        },
		"job_type":"destruction",
		"job_show_type": true,
		"job_show_captain": true,
		"job_show_fleet": "presetText",
		"job_show_distance": "exact",
		"job_show_arrow": true,
		"job_difficultyDescription": "none",
        "job_conclusion_script": "edshipyard_DestroyTheWurg_completion_trigger", #Revenge fleet

		"target_first_name":"Jamie",
		"target_last_name":"Cadiz",
		"target_gender": "FEMALE",
		"target_rank": "spaceAdmiral",
		"target_post": "Founder",
		"target_personality": "aggressive",
		"target_level": 7,
		"target_elite_skills":3,
		"target_skill_preference": "GENERIC",

		"fleet_name":"Republic of Cadiz foundational fleet",
		"fleet_faction": "ML_bounty",
		"fleet_flagship_variant":"edshipyard_wurgandal_worldeater",
		"fleet_flagship_name":"ED World Eater",
		"fleet_flagship_recoverable": true,
		"fleet_flagship_autofit": false,
		"fleet_preset_ships": {
			#frigates
			"edshipyard_wolfhound_assault": 4,
			"edshipyard_bischon_assault": 4,

			#destroyers
			"edshipyard_pomeranian_beam": 3,
			"edshipyard_shiba_assault": 2,
			"edshipyard_shiba_beamer": 1,
			"edshipyard_corgi_dust": 3,
			"edshipyard_basset_beamer": 3,
			"edshipyard_redbone_assault": 2,
			"edshipyard_beagle_assault": 3,

			#cruisers,
			"edshipyard_carolina_gunner": 1,
			"edshipyard_beauceron_rescue": 3,
			"edshipyard_malinois_support": 1,
			"edshipyard_rottweiler_ranged": 3,
		    "edshipyard_rottweiler_assault": 3,
			"edshipyard_saluki_beam": 2,
			"edshipyard_saluki_assault": 2,

			#caps,
			"edshipyard_bullmastiff_assault": 2,
            "edshipyard_bullmastiff_blaster": 1,
			"edshipyard_newfoundland_warfreighter": 2,
			"edshipyard_dobermann_variant": 3,
			"edshipyard_retriever_rescue": 2,
			"edshipyard_leonberger_assault": 1,
			"edshipyard_groenendael_dust": 1,
            "edshipyard_groenendael_beam": 1,
		 	"edshipyard_groenendael_ranged": 1,

			"edshipyard_bernese_tug": 2, #construction,
			"edshipyard_bernard_variant": 2, #tanker
		},

		"fleet_preset_autofit": true,
		"fleet_composition_faction": "ed_shipyard_faction",
		"fleet_composition_quality": 2,
		"fleet_transponder": true,
		"fleet_no_retreat": false,
		"fleet_behavior": "ROAMING",

		"location_distance": "FAR",
		"location_themes": [
			"theme_interesting",
			"theme_interesting_minor",
			"theme_ruins",
			"theme_ruins_main",
			"theme_derelict_cryosleeper"
		],
		"location_themes_blacklist": ["theme_already_occupied", "theme_already_colonized", "theme_hidden", "no_pulsar_blackhole"],
		"location_prioritizeUnexplored": true,
		"location_defaultToAnyEntity": true
	},

	"edshipyard_Deserters":{        
        "trigger_min_fleet_size": 50,
        "trigger_min_days_elapsed": 150, #change
        "trigger_playerRelationship_atLeast": {"independent":0.25,},
        
        #BOUNTY DESCRIPTION
        
        "job_name": "Eccentric Design Deserters",
        "job_description": "After defeating a local band of pirates and seeing just how much booty the pirates had acquired, an ED defense fleet has decided to take up piracy themselves.\nShow them the error of their way.",
        "job_comm_reply": "You don't stand a chance!",
        "job_intel_success": "By the time your salvage drones finish picking over the glowing wreckage, your comm system notifies you that payment has been delivered.",
        "job_intel_expired": "A brief blurb on the holonet mentions the pirates you were tasked with eliminating. Apparently after the ED pirates finished taking over a regional pirate gang, they attended a feast in their honor hosted by a neighboring pirate leader under the auspices of carving up territory.  All the ED pirates were killed that night",
        "job_forFaction": "independent",
        "job_credit_reward": 100000,
        "job_reward_scaling": 0.4,
        "job_reputation_reward":5,
        "job_type":"neutralisation",
        "job_show_type": true,
        "job_show_captain": false,
        "job_show_fleet": "presetText",
        "job_show_distance": "vague",
        "job_show_arrow": false,
        "job_difficultyDescription": "auto",

        #TARGET COMMANDER (OPTIONAL)
		"target_first_name":"Rabal",
        "target_personality": "aggressive",
        "target_level": 5,
        "target_elite_skills":2,
        "target_skill_preference": "ANY",

        #TARGET FLEET
        "fleet_name":"Rabal's Raiders",
        "fleet_faction": "ML_bounty",
		"fleet_flagship_variant": ["edshipyard_basset_beamer", "edshipyard_rottweiler_assault",  "edshipyard_saluki_beam", "edshipyard_bullmastiff_assault"],
        "fleet_flagship_autofit": true,
        "fleet_preset_autofit": true,
        "fleet_scaling_multiplier": 1.2,
        "fleet_min_FP": 100,
        "fleet_composition_faction": "ed_shipyard_faction",
        "fleet_composition_quality": 1,
        "fleet_transponder": false,
		"fleet_no_retreat": false,
        "fleet_behavior": "AGGRESSIVE",
        
        #LOCATION
        
        "location_distance": "CLOSE",
        "location_themes_blacklist": ["theme_already_occupied", "theme_already_colonized", "theme_hidden", "no_pulsar_blackhole"],
        "location_prioritizeUnexplored": true,
        "location_defaultToAnyEntity": true,
    },
	"edshipyard_DestroyScienceExpedition":{
        "trigger_marketFaction_any": ["hegemony","persean"],
		"trigger_market_minSize":5,
		"trigger_marketFaction_alliedWith": true, 
        "trigger_marketFaction_none": ["independent"],
        "trigger_player_minLevel": 8,
        "trigger_min_fleet_size": 100,
		#"trigger_weight_mult": 100,
        
        #BOUNTY DESCRIPTION
        
        "job_name": "Eliminate the Eccentric Design science expedition",
		"job_description": "The Eccentric Design bureau has launched an expedition to ==$system system==, presumably looking for lost tech to further their research.  Unfortunately for this fleet, they're a bit too close to things we'd rather them not be.  Destroy them.",
		"job_comm_reply": "Greetings!  We've found some anomalous readings near by, would you care to investigate them with us?",
		"job_intel_success": "The remains of the science expedition float silently through space, the occasional spark from the former insides of a shattered ship briefly tagged by the thermal image processor.  The money is yours now, along with your reputation.",
		"job_intel_expired": "News reaches you that an ED exploration expedition to the outer rim was a failure, no new worlds or ruins were located.",
        "job_credit_reward": 67000,
        "job_reward_scaling": 0.25,
        "job_reputation_reward":5,
        "job_type":"obliteration",
        "job_show_type": true,
        "job_show_captain": false,
        "job_show_fleet": "presetText",
        "job_show_distance": "vague",
        "job_show_arrow": false,
        "job_difficultyDescription": "auto",

        "target_rank": "Head Researcher",
        "target_post": "research",
        "target_personality": "aggressive",
        "target_level": 2,
        "target_elite_skills":1,

        "fleet_name":"Outer Rim Expedition",
        "fleet_faction": "independent",
        "fleet_flagship_variant":"edshipyard_newfoundland_warfreighter",
        "fleet_flagship_recoverable": true,
        "fleet_flagship_autofit": true,
        "fleet_preset_autofit": true,
        "fleet_scaling_multiplier": 0.25,
        "fleet_min_FP": 150,
        "fleet_composition_faction": "ed_shipyard_faction",
        "fleet_composition_quality": 1,
        "fleet_transponder": true,
		"fleet_no_retreat": false,
        "fleet_behavior": "ROAMING",
		"fleet_preset_ships": {
			#frigates
			"edshipyard_wolfhound_assault": 2,

			#destroyers
			"edshipyard_shiba_assault": 2,
			"edshipyard_corgi_dust": 3,			
			"edshipyard_beauceron_rescue": 1,

			#cruisers
			"edshipyard_malinois_support": 1,
			"edshipyard_rottweiler_assault": 1,
			"edshipyard_rottweiler_ranged": 1,

			#caps,
		 	"edshipyard_groenendael_beam": 1,
			"edshipyard_newfoundland_warfreighter": 1,

			"edshipyard_basenji_explorer": 2, #sci ship
			"edshipyard_bernese_tug": 1, #construction,
			"edshipyard_bernard_variant": 1, #tanker
		},
        
        #LOCATION
		"location_distance": "FAR",
		"location_themes": [
          "theme_interesting_minor",
          "theme_ruins_secondary",
          "theme_derelict_survey_ship",
          "theme_derelict_probes",
          "procgen_no_theme_pulsar_blackhole",
		],
		"location_themes_blacklist":[
			"theme_already_occupied",
			"theme_already_colonized",
			"theme_hidden",
		],
		"location_entities": [
          "gate",
          "station",
          "wreck",
          "debris",
          "stable_location",
          "comm_relay",
          "nav_buoy",
          "sensor_array",
          "gas_giant",
          "planet",
          "jump_point"
		],
		"location_prioritizeUnexplored": true,
		"location_defaultToAnyEntity": true
    },
	"edshipyard_DestroyEspionageFleet":{        
        "trigger_marketFaction_any": ["tritachyon"],
        "trigger_marketFaction_alliedWith": true, 
        "trigger_marketFaction_none": ["independent"],
        "trigger_player_minLevel": 5,
        "trigger_min_fleet_size": 90,
		#"trigger_weight_mult": 100,
        
        #BOUNTY DESCRIPTION
        
        "job_name": "Destroy the ED spies",
		"job_description": "The Eccentric Design bureau has long been suspected of stealing secrets, a deep space listening post in the ==$system system== has picked up anomalous signal returns suggesting an ED spy fleet is nearby.  Track them down and destroy them before they leave.",
		"job_comm_reply": "Leave immediately",
		"job_intel_success": "The \"spy\" fleet has been destroyed and your reward is in hand.",
        "job_credit_reward": 90000,
        "job_reward_scaling": 0.0,
        "job_reputation_reward":8,
        "job_type":"neutralisation",
        "job_show_type": true,
        "job_show_captain": false,
        "job_show_fleet": "presetText",
        "job_show_distance": "exact",
        "job_show_arrow": false,
        "job_difficultyDescription": "auto",


        #TARGET COMMANDER (OPTIONAL)
        
        "target_rank": "Agent",
        "target_post": "Sig Int",
        "target_personality": "aggressive",
        "target_level": 4,
        "target_elite_skills":1,
    
    
        #TARGET FLEET
        
        "fleet_name":"Signal Intercept Fleet",
        "fleet_faction": "independent",
        "fleet_flagship_variant":"edshipyard_leonberger_assault",
        "fleet_flagship_recoverable": true,
        "fleet_flagship_autofit": true,
        "fleet_preset_autofit": true,
        "fleet_scaling_multiplier": 0,
        "fleet_min_FP": 100,
        "fleet_composition_faction": "ed_shipyard_faction",
        "fleet_composition_quality": 2,
        "fleet_transponder": false,
		"fleet_no_retreat": false,
        "fleet_behavior": "PASSIVE",
		"fleet_preset_ships": { #SHIPS WITH LOW SIGNATURES
			#Util
			"edshipyard_chin_smuggler": 2,
			"edshipyard_dalmatian_phase":1,
			"edshipyard_basenji_explorer": 1,

			#combat
			"edshipyard_collie_rescue": 1,
			"edshipyard_bischon_assault": 2,
			"edshipyard_redbone_assault": 2,			
			"edshipyard_saluki_beam": 1,
			"edshipyard_saluki_assault": 1,
            "edshipyard_chihuahua_assault": 3,
            "edshipyard_chihuahua_beamer": 3,
            "edshipyard_shiba_assault": 2,
            "edshipyard_shiba_beamer": 2,
		},
        
        #LOCATION
		"location_distance": "CORE",
		"location_themes": [
			"theme_core_populated"
		],
		"location_themes_blacklist": [
			"theme_hidden",
		],
		"location_entities": [
            "wreck",
            "stable_location",
            "comm_relay",
            "nav_buoy",
            "sensor_array",
            "gas_giant",
            "planet",
		],
		"location_prioritizeUnexplored": false,
    	"location_defaultToAnyEntity": true,
    },
	"edshipyard_Gunslinger_HVB":{
        "trigger_player_minLevel": 5,

        "trigger_min_fleet_size": 50,
        #"trigger_weight_mult": 1000, #todo remove
        
        #BOUNTY DESCRIPTION
        
        "job_name": "Icarus \"Gun Slinger\" Mataan",
		"job_description": "A few years ago Icaraus Mataan, a maintenance crew lead shift worker at the Nova Maxios Eccentric Designs shipyards was tasked with sorting out some insane ship construction mishap.  Well Icarus and his crew managed to sort it out all right but they figured they'd take the resulting one of a kind ship and sell it to a pirate gang.  Icarus was about as bad at diplomacy as they were good at repair and ended up having to shoot their way out of a \"negotiation\".  That gave Icarus and his men a taste for blood and they've been full pirate ever since.",
		"job_comm_reply": "You think you're the first to take a shot at us?  You're not even the first this month!  Your ships will make a nice addition.",
		"job_intel_success": "The rabid Icarus Mataan has been brought to justice and your compensation has been received.",
        "job_intel_failure": "",
        "job_intel_expired": "", #doesn't Expire
        #"job_forFaction": "independent",
        "job_credit_reward": 100000,
        "job_reward_scaling": .4,
        "job_type":"assassination",
        "job_show_fleet": "presetText",
        "job_show_distance": "vanilla",
        "job_difficultyDescription": "auto",

        #TARGET COMMANDER (OPTIONAL)
        
        "target_first_name":"Icarus",
        "target_last_name":"Mataan",
        "target_personality": "aggressive",
        "target_level": 4,
        "target_elite_skills":2,
        "target_rank": "spaceCaptain",
        "target_post": "Fleet Commander",
        "target_skill_preference": "YES_ENERGY_YES_BALLISTIC_NO_MISSILE_NO_DEFENSE",
    
        #TARGET FLEET
        
        "fleet_name":"Roughest Riders",
        "fleet_faction": "ML_bounty",
        "fleet_flagship_variant":"edshipyard_doppelglock_variant",
        "fleet_flagship_name":"The Gunslinger",
        "fleet_flagship_recoverable": true,
        "fleet_flagship_autofit": false,
        "fleet_preset_autofit": false,
        "fleet_scaling_multiplier": 1,
        "fleet_min_FP": 80,
        "fleet_composition_faction": "pirates",
        "fleet_composition_quality": 1,
        "fleet_transponder": false,
		"fleet_no_retreat": true,
        "fleet_behavior": "AGGRESSIVE",
        
        #LOCATION
        "location_distance": "CLOSE",
        "location_themes_blacklist": ["theme_already_occupied", "theme_already_colonized", "theme_hidden", "no_pulsar_blackhole"],
        "location_prioritizeUnexplored": true,
        "location_defaultToAnyEntity": true
    },
	"edshipyard_Riptide_HVB":{
        "trigger_player_minLevel": 11,

        "trigger_min_fleet_size": 180,
        #"trigger_weight_mult": 1000, #todo remove
        
        #BOUNTY DESCRIPTION
        
        "job_name": "Hunt the Riptide",
		"job_description": "Just when you think it can't get any worse, it does.  Some pirates operating at the fringe stumbled upon a disused old domain ship scrapping array.  Through luck and stupidity they've jury rigged enough engines on it to make it mobile and to further complicate things they've found an old singularity power core near the scrapping array that they're using to power a gravatic organizer, a \"tractor beam\" if you will.  This monstrosity has been rampaging around the outer reaches for some time and it needs to be destroyed before the chaos it's causing reaches the core worlds.",
		"job_comm_reply": "More meat for the machine!",
		"job_intel_success": "So much carnage and chaos has been brought to an end, and the sector, if only briefly, is a bit safer.  Perhaps more importantly though, you're much richer.",
        "job_intel_failure": "",
        "job_intel_expired": "",
        #"job_forFaction": "independent",
        "job_credit_reward": 250000,
        "job_item_reward": {
          "fuel": 800,
          "supplies": 400
        },
        "job_reward_scaling": .5,
        "job_type":"assassination",
        "job_show_fleet": "presetText",
        "job_show_distance": "vanilla",
        "job_difficultyDescription": "auto",

        #TARGET COMMANDER (OPTIONAL)
        
        "target_personality": "aggressive",
        "target_level": 6,
        "target_elite_skills":2,
        "target_rank": "spaceCaptain",
        "target_post": "Fleet Commander",
        "target_skill_preference": "YES_ENERGY_YES_BALLISTIC_NO_MISSILE_YES_DEFENSE",
    
        #TARGET FLEET
        
        "fleet_name":"Sadistic Scrappers",
        "fleet_faction": "ML_bounty",
        "fleet_flagship_variant":"edshipyard_riptide_variant",
        "fleet_flagship_name":"Riptide",
        "fleet_flagship_recoverable": true,
        "fleet_flagship_autofit": false,
        "fleet_preset_ships": 
        {
            "edshipyard_retriever_pirate": 2,
            "edshipyard_dachshund_pirate": 3,
            "edshipyard_carolina_pirate" : 3,
            "edshipyard_beauceron_pirate": 2,

             #logi
            "edshipyard_bernard_variant": 1,
        },
        "fleet_preset_autofit": false,
        "fleet_scaling_multiplier": 2,
        "fleet_min_FP": 200,
        "fleet_composition_faction": "pirates",
        "fleet_composition_quality": 1,
        "fleet_transponder": false,
		"fleet_no_retreat": true,
        "fleet_behavior": "AGGRESSIVE",
        
        #LOCATION
        "location_distance": "FAR",
        "location_themes_blacklist": ["theme_already_occupied", "theme_already_colonized", "theme_hidden", "no_pulsar_blackhole"],
        "location_prioritizeUnexplored": true,
        "location_defaultToAnyEntity": true
    },
    "edshipyard_Chupacabra_HVB":{
        "trigger_player_minLevel": 8,

        "trigger_min_fleet_size": 250,
        #"trigger_weight_mult": 1,

        #BOUNTY DESCRIPTION

        "job_name": "Euthanize the Chupacabra",
		"job_description": "By Ludd, another fucking stolen prototype.  What the hell is happening to this sector?\nED's latest and greatest technology demonstrator, the \"Chupacabra\" has been stolen after integrating some top secret weaponry. Standardish stuff so far.  Where it gets interesting is Tri-Tachyon initiated the heist by having a black ops team integrate an Alpha Core trained in exfiltrating ships from 'complex' situations.  Well as soon as this core was fully integrated into the Chupacabra it promptly killed the team and the skeleton crew of the ship then flew off into Remnant controlled space.\nYou're one of the few pilots with a fleet we can count on to destroy this ship and stop whatever machinations are at work here.\nCuriously, for as good as that exfiltration core was at escaping, it sure doesn't seem to be making any effort to conceal its location so it could be some sort of a trap.  But at least that means we know it's exact location.",
		"job_comm_reply": "01010000 01010010 01000101 01010000 01000001 01010010 01000101 00100000 01010100 01001111 00100000 01000100 01001001 01000101",
		"job_intel_success": "Someone else's failure, again resolved through violence. For a while anyway.",
        "job_intel_failure": "",
        "job_intel_expired": "", #doesn't Expire
        #"job_forFaction": "independent",
        "job_credit_reward": 200000,
        "job_reward_scaling": .20,
        "job_type":"assassination",
        "job_show_fleet": "flagship",
        "job_show_distance": "exact",
        "job_difficultyDescription": "auto",
        "job_conclusion_script": "edshipyard_Chupacabra_HVB_completion_trigger", #easy fight, spawn a bunch of murder fleets right on top of the player

        #TARGET COMMANDER (OPTIONAL)

        "target_first_name":"Exfiltration",
        "target_last_name":"Core",
        "target_personality": "reckless",
        "target_aiCoreId": "alpha_core",
        "target_level": 7,
        "target_elite_skills": 7,
        "target_rank": "specialAgent",
        "target_post": "Fleet Commander",
        "target_skill_preference": "ANY",

        #TARGET FLEET

        "fleet_name":"01000100 01001001 01000101",
        "fleet_faction": "remnant",
        "fleet_flagship_variant":"edshipyard_chupacabra_assault",
        "fleet_flagship_name":"Chupacabra",
        "fleet_flagship_recoverable": true,
        "fleet_flagship_autofit": false,
        "fleet_preset_autofit": false,
        "fleet_scaling_multiplier": .1,
        "fleet_min_FP": 150,
        "fleet_composition_faction": "remnant",
        "fleet_composition_quality": 2,
        "fleet_transponder": true,
		"fleet_no_retreat": true,
        "fleet_behavior": "GUARDED",

        #LOCATION
        "location_themes_blacklist": ["theme_already_colonized", "theme_hidden", "no_pulsar_blackhole"],
        "location_themes": ["theme_remnant", "theme_remnant_main", "theme_remnant_secondary"],
        "location_prioritizeUnexplored": true,
        "location_defaultToAnyEntity": true
    },
    "edshipyard_DestroyTradeFleet":{
      "trigger_player_minLevel": 7,

      "trigger_min_fleet_size": 110,

      "trigger_marketFaction_any": ["pirates"],
      "trigger_marketFaction_alliedWith": true,
      "trigger_marketFaction_none": ["independent"],

      #BOUNTY DESCRIPTION

      "job_name": "Disrupt ED Shipyards trade route",
      "job_description": "The image of a well dressed man sitting in a chair appears on the holoscreen, his body is relaxed, but eyes menacing and face unobscured to demonstrate he is unafraid of identification, clearly wanting notoriety.\n\n \"There's new executive leadership at ED Shipyards on $location and as a show of goodwill I've generously offered to continue granting my protection that their predecessors have enjoyed. The new leadership has scoffed at my reasonable proposition believing me to be an unserious man.\"\n\n\"Coinciding with the leadership change, there's been an unusual trade fleet that runs out of $location. No one is quite sure where it goes from there, but it always comes back, loads up and leaves again. Destroy this fleet and demonstrate to them that their “risk assessment” is flawed.\"",
      "job_comm_reply": "Consider your actions carefully",
      "job_intel_success": "The ED supply fleet is destroyed, it's goods now yours and your payment received",
      "job_intel_failure": "",
      "job_intel_expired": "", #doesn't Expire
      "job_forFaction": "pirates",
      "job_credit_reward": 78000,
      "job_type":"neutralisation",
      "job_show_captain": false,
      "job_show_fleet": "vanilla",
      "job_show_distance": "none",
      "job_difficultyDescription": "auto",
      "job_pick_script": "edshipyard_DestroyTradeFleet_trigger",
      "job_reputation_reward":10,
      "job_item_reward": {
        "fighter_bp edshipyard_maltese_wing": 1
      },

      #TARGET COMMANDER (OPTIONAL)
      "target_personality": "cautious",
      "target_level": 2,
      "target_elite_skills":1,
      "target_rank": "spaceCaptain",
      "target_post": "fleetCommander",
      "target_skill_preference": "NO_ENERGY_NO_BALLISTIC_NO_MISSILE_YES_DEFENSE",

      #TARGET FLEET

      "fleet_name":"ED Sensitive Goods Transport Fleet",
      "fleet_faction": "independent",
      "fleet_flagship_variant":"edshipyard_newfoundland_warfreighter",
      "fleet_flagship_recoverable": true,
      "fleet_flagship_autofit": true,
      "fleet_preset_autofit": true,
      "fleet_scaling_multiplier": 0,
      "fleet_min_FP": 160,
      "fleet_composition_faction": "ed_shipyard_faction",
      "fleet_composition_quality": 2,
      "fleet_transponder": true,
      "fleet_no_retreat": false,
      "fleet_behavior": "PASSIVE",
      "fleet_preset_ships": {
        #Util
        "edshipyard_dachshund_variant": 3,
        "edshipyard_bernard_variant": 1,

        #combat
        #frigates
        "edshipyard_wolfhound_assault": 2,
        "edshipyard_bischon_assault": 1,

        #destroyers
        "edshipyard_pomeranian_beam": 1,
        "edshipyard_shiba_beamer": 1,
        "edshipyard_corgi_dust": 1,

        #cruisers,
        "edshipyard_malinois_support": 1,
        "edshipyard_rottweiler_assault": 1,
        "edshipyard_saluki_beam": 1,
      },

      #LOCATION
      "location_entitiesID": [
        "new_maxios",
        "nex_prismFreeport",
      ],
      "location_marketFactions": [
        "independent"
      ],
      "location_distance": "CLOSE",
      "location_defaultToAnyEntity": true
    },

    "edshipyard_Doog_HVB":{
      "trigger_player_minLevel": 12,

      "trigger_min_fleet_size": 200,

      #"trigger_weight_mult": 1000,

      #BOUNTY DESCRIPTION

      "job_name": "Assasinate Neroko Gamiinu",
      "job_description": "The Eccentric Designs Corporation has posted this bounty for a maniac that stole a prototype ship and a fleet worth of ships from Nova Maxios during a pirate raid, their leader is relentless and very dangerous. She is known for collecting fingers of her enemies.",
      "job_comm_reply": "Give me your fingers!",
      "job_intel_success": "",
      "job_intel_failure": "",
      "job_intel_expired": "", #doesn't Expire
      #"job_forFaction": "independent",
      "job_credit_reward": 250000,
      "job_reward_scaling": .25,
      "job_reputation_reward":10,
      "job_item_reward": {
        "ed_exotic_ship_package":1,
      },
      "job_type":"assassination",
      "job_show_fleet": "flagship",
      "job_show_distance": "vanilla",
      "job_difficultyDescription": "auto",

      #TARGET COMMANDER (OPTIONAL)

      "target_first_name":"Neroko",
      "target_last_name":"Gamiinu",
      "target_gender":"FEMALE",
      "target_personality": "aggressive",
      "target_level": 5,
      "target_elite_skills": 5,
      "target_rank": "spaceAdmiral",
      "target_post": "Fleet Commander",
      "target_skill_preference": "ANY",

      #TARGET FLEET

      "fleet_name":"The Nerokosuki",
      "fleet_faction": "ML_bounty",
      "fleet_flagship_variant":"edshipyard_doog_prototype",
      "fleet_flagship_name":"EekumBokum",
      "fleet_flagship_recoverable": true,
      "fleet_flagship_autofit": false,
      "fleet_preset_ships":
      {
        "edshipyard_groenendael_dust": 1,
        "edshipyard_bullmastiff_assault": 1,
        "edshipyard_rottweiler_assault": 1,
        "edshipyard_beauceron_rescue": 1,
        "edshipyard_beagle_assault": 1,
        "edshipyard_malinois_support": 1,
        "edshipyard_pomeranian_dust": 1,
        "edshipyard_shiba_assault": 1,
        "edshipyard_bischon_assault": 1,
        "edshipyard_chihuahua_assault": 1,
      },
      "fleet_preset_autofit": false,
      "fleet_scaling_multiplier": 1.4,
      "fleet_min_FP": 600,
      "fleet_composition_faction": "pirates",
      "fleet_composition_quality": 0,
      "fleet_transponder": false,
      "fleet_no_retreat": true,
      "fleet_behavior": "AGGRESSIVE",

      #LOCATION
      "location_distance": "FAR",
      "location_themes_blacklist": ["theme_already_occupied", "theme_already_colonized", "theme_hidden", "no_pulsar_blackhole"],
      "location_prioritizeUnexplored": true,
      "location_defaultToAnyEntity": true
    },
}
