{
  "DetailedCombatResults": {
    # CombatAnalyticsInteractionDialogPlugin
    "LastFiveBattles":"分析最近的5场战斗",
    "LastTenBattles": "分析最近的10场战斗",
    "AllBattles": "全部战斗",
    "ChooseData": "选择你想要合并战斗报告的数据：",
    "NoData": "没有已保存的战斗结果，去战斗吧！",

    # IntelCombatReport
    "AggregateFactionName": "%d 个势力经由 %d 场战斗",
    "SingleCombatInfo": "战斗结果 vs %s",
    "SimulatorInfo": "模拟结果",
	"MultiIntelInfo": "统合战斗结果: ",
    "SummaryDetailsHeading": " 玩家舰船概要",
    "TotalDamage": "总伤害",
    "DisplayingTop": "最多部署 %d 艘舰船",
    "PlayerResultsText": " 舰队 %4$s(%1$s 艘舰 / %2$s 部署点) 造成了 %3$s 伤害%5$s",
    "CaptainedBy": "舰长为",

    #ICR ResultsSummaryGrid
    "ShipName": "名称",
    "PilotName": "副官",
    "Class": "类别",
    "SoloKills": "单独击杀",
    "KillAssists": "协助击杀",
    "ProportionalDPDestroyed": "击毁部署",
    "PctOfTotalDmg": "% 伤害",
    "HullPct": "% 结构",
    "HullDmg": "结构伤害",
    "ArmorDmg": "装甲伤害",
    "ShieldDmg": "护盾伤害",
    "ShipDmg": "船体伤害",
    "EmpDmg": "造成EMP",
    "TotalRowName": "总计",

    #ICR ShipWeaponGrid
    "WeaponName": "武器",
    "Total": "总计",
    "Shield": "护盾伤害",
    "Hull": "结构伤害",
    "Armor": "装甲伤害",
    "Emp": "造成EMP",
    "Hits": "命中",
    "PctDmg": "% 伤害",
    "Fighter": "击落战机",
    "Missile": "导弹",

    #ICR Kill Summary Grid
    "KillType": "击杀类型",
    "DP": "部署",
    "Solo": "单独",
    "Assist": "协助",

    #ICR Enemy Fleet Status
    "EnemyFleetStatusTitle": " 敌方舰队战斗投入数据",
    "AggregateFleetName": "未归档舰队",
    "EnemyResultsText": "%1$s 在 %4$s %7$s (%2$s 艘舰 / %3$s 部署点),在 %6$s 秒之内造成了 %5$s 伤害",
    "Destroyed": "摧毁",
    "Disabled": "停机",
    "Retreated": "撤退",
    "Reserved": "备用",

    #ICR Received Summary Grid
    "ReceivedSummary": "承载概况",

    #Legend,
    "LegendName": " 注解",
    "SoloDesc": "独立击杀: 当一艘舰对目标的装甲和结构造成了超过 %s%% 的伤害时",
    "AssistDesc": "协助击杀: 当一艘舰对目标的装甲和结构造成了超过 %s%% 的伤害, 并且不是独立击杀时",
    "ProRataDpDesc": "部署点/相对部署点击杀: 对于根据对以摧毁的舰船所造成的装甲和结构伤害百分比部署点的统计",
    "DamageDesc": "舰船伤害指标叠加的大小基于对目标造成的装甲和结构伤害。 (更大 = 更多)",
    "StandardPerformance": "Weapon Standard Performance Font Color",
    "UnderPerformance": "Weapon Under Performing Damage as a % of OP Font Color",
    "OverPerformance": "Weapon Over Performing Damage as a % of OP Font Color",

    #Weapon Tooltip Mouse Over
    "WeaponCount":   "Weapon Count: %s",
    "WeaponOpTotal": "Weapon OP Total: %s",
    "WeaponOpAsPct": "Weapon OP as pct: %s",
    "KillingBlows":  "Killing Blows: %s",

    #PlayerFleetGoal
    "PlayerGoalPursuit": "逃离了敌人 ",
    "PlayerGoalEscape": "追击了敌人 ",
    "PlayerGoalBattle": "与敌人发生了遭遇战 ",

    #EnemyFleetGoal
    "EnemyGoalPursuit": "追击了玩家 ",
    "EnemyGoalEscape": "逃离了玩家 ",
    "EnemyGoalBattle": "与玩家发生了遭遇战 ",
	
    #Intel Name
     "CombatReportName": "战斗报告",
     "CombatReportTag": "战斗报告",
     "SimulatorReportName": "模拟报告",
     "SimulatorReportTag": "模拟报告"
  }
}
