{	
	"startShipsSuper":[
	  ["edshipyard_doog_prototype"],
	  ["edshipyard_newfoundland_warfreighter"],
      ["edshipyard_saluki_x"]
    ],
	
	"startShipsGrandFleet":[
	  ["edshipyard_groenendael_dust","edshipyard_rottweiler_assault","edshipyard_beauceron_rescue","edshipyard_redbone_assault","edshipyard_corgi_dust","edshipyard_corgi_dust","edshipyard_bernard_variant","edshipyard_bernese_tug"],
	  ["edshipyard_retriever_rescue","edshipyard_corgi_dust","edshipyard_pomeranian_dust","edshipyard_pomeranian_dust","edshipyard_pomeranian_dust","edshipyard_pomeranian_dust","edshipyard_pomeranian_dust","edshipyard_pomeranian_dust","edshipyard_bischon_assault","edshipyard_bernard_variant"]
	],
	
	"startShipsSolo":[
        ["edshipyard_wolfhound_assault"],
		["edshipyard_chihuahua_assault"]
    ],

    "startShipsCombatSmall":[
        ["edshipyard_corgi_dust", "edshipyard_pomeranian_dust", "edshipyard_wolfhound_assault"],
        ["edshipyard_beagle_assault", "edshipyard_bischon_assault", "edshipyard_collie_rescue"]
    ],

    "startShipsCombatLarge":[
        ["edshipyard_dobermann_variant", "edshipyard_rottweiler_assault", "edshipyard_malinois_support", "edshipyard_shiba_assault"],
		["edshipyard_leonberger_assault", "edshipyard_saluki_assault", "edshipyard_redbone_assault", "edshipyard_basenji_explorer"]
    ],

    "startShipsTradeSmall":[
        ["edshipyard_dachshund_variant", "edshipyard_wolfhound_assault", "edshipyard_wolfhound_assault"],
    ],

    "startShipsTradeLarge":[
        ["edshipyard_dalmatian_phase", "edshipyard_basenji_explorer", "edshipyard_basenji_explorer"],
    ],

    "startShipsCarrierLarge":[
        ["edshipyard_beauceron_rescue", "edshipyard_malinois_support", "edshipyard_basset_beamer"],
    ],
	
	"startShipsExplorerLarge":[
		["edshipyard_basenji_explorer", "edshipyard_basenji_explorer", "edshipyard_bernard_variant"]
	],
}