name,id,tags,rarity,base price,stack size,cargo space,icon,sound id,sound id drop,plugin,plugin params,desc,order
ED Exploration Ship Blueprint Package,ed_exploration_ship_package,package_bp,0.4,50000,1000,1,graphics/icons/cargo/ed_blueprint_basic.png,ui_chip_pickup,ui_bp_package_drop,com.fs.starfarer.api.campaign.impl.items.MultiBlueprintItemPlugin,ed_explorationship_bp,"This package contains exploration vessels and other civilian ships from ED Shipyards.",1111
ED Support Ship Blueprint Package,ed_support_ship_package,package_bp,0.45,75000,1000,1,graphics/icons/cargo/ed_blueprint_basic.png,ui_chip_pickup,ui_bp_package_drop,com.fs.starfarer.api.campaign.impl.items.MultiBlueprintItemPlugin,ed_supportship_bp,"This package contains several support ships from ED Shipyards.",1112
ED Frontline Ship Blueprint Package,ed_frontline_ship_package,package_bp,0.45,100000,1000,1,graphics/icons/cargo/ed_blueprint_basic.png,ui_chip_pickup,ui_bp_package_drop,com.fs.starfarer.api.campaign.impl.items.MultiBlueprintItemPlugin,ed_frontlineship_bp,"This package contains several frontline ships from ED Shipyards.",1113
ED Exotic Ship Blueprint Package,ed_exotic_ship_package,package_bp,0.15,75000,1000,1,graphics/icons/cargo/ed_blueprint_basic.png,ui_chip_pickup,ui_bp_package_drop,com.fs.starfarer.api.campaign.impl.items.MultiBlueprintItemPlugin,ed_exoticship_bp,"This package contains several unusual ships with very specialized roles from ED Shipyards.",1114
ED Common Weapon Blueprint Package,ed_c_weapon_package,package_bp,0.45,80000,1000,1,graphics/icons/cargo/ed_blueprint_basic.png,ui_chip_pickup,ui_bp_package_drop,com.fs.starfarer.api.campaign.impl.items.MultiBlueprintItemPlugin,ed_cweapon_bp,"This package contains all common weapons from ED Shipyards.",1121
ED Uncommon Weapon Blueprint Package,ed_u_weapon_package,package_bp,0.3,60000,1000,1,graphics/icons/cargo/ed_blueprint_basic.png,ui_chip_pickup,ui_bp_package_drop,com.fs.starfarer.api.campaign.impl.items.MultiBlueprintItemPlugin,ed_uweapon_bp,"This package contains unusual ED Shipyards weapons.",1122
ED Drone Blueprint Package,ed_drone_package,package_bp,0.4,70000,1000,1,graphics/icons/cargo/ed_blueprint_basic.png,ui_chip_pickup,ui_bp_package_drop,com.fs.starfarer.api.campaign.impl.items.MultiBlueprintItemPlugin,ed_drone_bp,"Contains all fighter drone LPCs from ED Shipyards.",1123